Date Time,Order ID,Amount,Ccy
2025-05-01 04:35:03.340,20-36977-raO5P9yUdvmEjYoW-20250501033500,1000.0,780
2025-05-01 04:22:36.960,7-30032-d4fQvIaZjhKCsMfn-20250501032041,1314.53,780
2025-05-01 03:56:31.157,99-49740-YsPPD53y9rDLzfF2-20250501025628,1000.0,780
2025-05-01 03:37:26.090,30-36977-6iQYqY9PB8WSynzV-20250501023721,600.0,780
2025-05-01 03:26:32.593,21-36560-T1Zo6RE9UYeGEtYb-20250501022630,3000.0,780
2025-05-01 03:23:36.877,64-36977-zK6DEWWAAvtUonmS-20250501022334,3000.0,780
2025-05-01 03:08:24.470,37-37032-4r13dXbcN6hUIvVd-20250501020821,2000.0,780
2025-05-01 03:06:53.180,33-36977-fMXayZPCV1YucfGx-20250501020649,600.0,780
2025-05-01 02:54:25.960,50-35651-yln0s5mQzuSGJW3l-20250501015424,1000.0,780
2025-05-01 02:50:41.357,47-36977-GViVHFEGIRY8RK35-20250501015036,500.0,780
2025-05-01 02:50:10.113,67-36560-xbRy3YDqeXBWtxB4-20250501015008,5000.0,780
2025-05-01 02:49:16.290,61-36560-zPfqIZNfkdYNa7Jy-20250501014912,5000.0,780
2025-05-01 02:44:40.967,61-35651-2seNBLxMEYmW6KLg-20250501014438,1000.0,780
2025-05-01 02:24:59.703,22-36977-8GnBdRuaj8VDjnwJ-20250501012456,600.0,780
2025-05-01 02:22:53.157,98-49740-JSdcSCsQtculHFEN-20250501012251,1000.0,780
2025-05-01 02:22:41.473,61-38659-vxlfWa2udjmg4VDM-20250501012235,500.0,780
2025-05-01 02:19:11.240,26-36977-F9iSeUrnvHkPjiS6-20250501011905,500.0,780
2025-05-01 02:13:32.887,92-36977-ajyQbClPg5VmJDBc-20250501011331,500.0,780
2025-05-01 02:09:58.763,56-49740-EpsbYJLTzqevDLV2-20250501010953,600.0,780
2025-05-01 02:03:53.367,28-35177-LQzhSpuKCku9Mt4S-20250501010346,500.0,780
2025-05-01 02:00:16.600,23-36977-WCfVSuxUoVNpx8nG-20250501010011,500.0,780
2025-05-01 01:58:07.320,77-38661-yNhGcPH5MiMooRoh-20250501005805,10000.0,780
2025-05-01 01:54:38.040,8-36977-HEp5AZevBejObTX8-20250501005433,500.0,780
2025-05-01 01:54:18.267,56-38661-gHOnYO95ccYasEO4-20250501005416,1200.0,780
2025-05-01 01:53:29.947,2-41673-aiKhXHlm94pv6mwy-20250501005323,1500.0,780
2025-05-01 01:41:24.267,53-36977-oVduwV6ZGFA8xTWr-20250501004121,500.0,780
2025-05-01 01:36:38.230,22-35177-rH8hvB5LmvRb2bVW-20250501003633,100.0,780
2025-05-01 01:33:28.580,67-38138-9jAdMsWetgsy6pHN-20250501003324,500.0,780
2025-05-01 01:33:09.817,15-54362-6-20250501003118,53.45,780
2025-05-01 01:25:36.490,32-35177-pBRvrV1G3nrsnitA-20250501002534,100.0,780
2025-05-01 01:23:05.143,97-38661-LRhJK0Q9MJpCX8h8-20250501002257,300.0,780
2025-05-01 01:22:02.037,20-38663-Cq8oUpndWqHgses3-20250501002159,3000.0,780
2025-05-01 01:21:46.657,64-49740-tk7etsCJMvxnO7p7-20250501002144,800.0,780
2025-05-01 01:20:54.477,90-49655-mPke0wyRDVw4I-20250501002052,8.95,780
2025-05-01 01:20:22.070,38-36977-9Yjj6VPOy6tZjw7Y-20250501002019,500.0,780
2025-05-01 01:18:55.933,53-38608-Y8qFB9mdgkiyc37U-20250501001851,63.5,780
2025-05-01 01:18:39.117,24-49740-Ral2jWgcFfdNImos-20250501001832,1000.0,780
2025-05-01 01:17:02.410,44-38661-NNqOL7ObwggTPdhv-20250501001700,600.0,780
2025-05-01 01:13:41.703,92-35177-jQ5I8pkmEnpRdxti-20250501001339,200.0,780
2025-05-01 01:12:00.330,52-36560-OilwvqOSgV3ZCWUH-20250501001158,4000.0,780
2025-05-01 01:10:19.033,28-37032-TjVaxeiTHRhHbsmi-20250501001017,1000.0,780
2025-05-01 01:07:39.727,84-36977-hicYDW63pI9vbNRG-20250501000737,2000.0,780
2025-05-01 01:06:58.270,37-38608-rLlfKhf8ow7XBPlK-20250501000650,22.3,780
2025-05-01 01:06:27.913,83-30032-n4HOzECauReUjLBr-20250501000437,933.43,780
2025-05-01 01:04:40.960,81-9864-PID-33656629-20250501000323,484.23,780
2025-05-01 01:03:58.033,84-49740-dYvLt7P6Cd5QRZ3m-20250501000350,500.0,780
2025-05-01 01:01:24.053,31-36560-ke6MEMeOLMJQOcXD-20250501000118,1000.0,780
2025-05-01 00:59:44.540,3-38608-Bod2VAQg38gyK5ck-20250430235942,37.75,780
2025-05-01 00:58:19.453,70-38662-qJi4eU7q3d889tyY-20250430235811,300.0,780
2025-05-01 00:57:44.293,76-49740-bNM9fyqfBJ01Cvcu-20250430235740,3000.0,780
2025-05-01 00:57:37.290,72-38608-IByvU3awwB860X2j-20250430235729,68.65,780
2025-05-01 00:54:20.673,56-36977-jFa8LJl5d50r7AQl-20250430235414,5000.0,780
2025-05-01 00:53:29.690,5-36560-K8katLBdUDwKzJAy-20250430235327,1000.0,780
2025-05-01 00:53:26.150,21-38661-ywgoObydPFHqzQyo-20250430235323,600.0,780
2025-05-01 00:52:38.153,55-36977-zEHPcdqGeeM4e2zN-20250430235232,750.0,780
2025-05-01 00:51:08.037,84-41673-SVfb1d6xKrDhn4ff-20250430235105,400.0,780
2025-05-01 00:49:13.950,96-38663-sz7X1sVF10xAFHCW-20250430234908,3000.0,780
2025-05-01 00:46:02.810,39-41673-6bDLz8XUsnDCRsk6-20250430234559,1500.0,780
2025-05-01 00:45:39.857,18-38662-k4i8IShq6H9Pa0wR-20250430234532,1000.0,780
2025-05-01 00:41:38.937,79-8540-13457-20250430234117,776.92,780
2025-05-01 00:37:36.407,83-36560-4SS0UDdFH5yz92bM-20250430233729,5000.0,780
2025-05-01 00:36:10.443,30-35177-OsxuDe4qj5TZO3gY-20250430233606,2500.0,780
2025-05-01 00:30:53.443,94-36560-v00MW0sEhD9tweCe-20250430233043,5000.0,780
2025-05-01 00:30:44.350,37-38138-0B9g267BcP8Rq5HB-20250430233039,4000.0,780
2025-05-01 00:29:14.810,86-36977-N7ytUoMIJ78EupDB-20250430232911,500.0,780
2025-05-01 00:26:50.683,94-35177-cYyKAGuycYNgTMno-20250430232648,200.0,780
2025-05-01 00:26:13.260,7-38659-YeUFvfYUJxwbRGJ0-20250430232607,500.0,780
2025-05-01 00:24:04.043,31-41673-YaesYR636rAfhUhp-20250430232401,200.0,780
2025-05-01 00:20:50.413,95-14207-OncBOAgPzryMUB1j-20250430232045,58.35,780
2025-05-01 00:18:48.737,14-49740-L3WoaLsqnKSZKyCb-20250430231844,1000.0,780
2025-05-01 00:15:27.497,50-38608-5NQD89mfWevLdYFO-20250430231520,84.1,780
2025-05-01 00:10:40.327,41-36560-cenUh6yhcesULLLs-20250430231030,1000.0,780
2025-05-01 00:09:28.920,51-38138-3grO6XrvHPHJatTj-20250430230924,500.0,780
2025-05-01 00:08:36.540,35-38146-uQdjYNF2l8V4JyOB-20250430230834,500.0,780
2025-05-01 00:08:35.577,59-38659-cryaqtE2gqDQWTC0-20250430230833,500.0,780
2025-05-01 00:08:13.803,33-41673-7r3P9R28gDiqN9Do-20250430230806,400.0,780
2025-05-01 00:02:59.917,10-35651-OWOg6wzt2Farxcuh-20250430230257,400.0,780
2025-05-01 00:01:28.607,84-36560-2OIjzQCcg7Am99NY-20250430230125,4000.0,780
2025-05-01 00:00:55.890,24-38661-XZFru68IivbUprEO-20250430230047,2000.0,780
2025-05-01 00:00:38.117,35-49740-xX0AyXvU367Ubtty-20250430230035,500.0,780
2025-04-30 23:57:52.727,69-38661-WD7ylXmk3ztaz4fW-20250430225748,1000.0,780
2025-04-30 23:56:16.637,63-38663-gQ0OkGsjNrTPuMtQ-20250430225609,1500.0,780
2025-04-30 23:54:40.830,56-38661-TSeVXlcS0njkYF5F-20250430225438,1000.0,780
2025-04-30 23:54:22.773,88-38138-Tq2pcVno6R89Tg8d-20250430225414,1000.0,780
2025-04-30 23:54:02.700,79-38663-khDojdpO6wbxBTI3-20250430225400,1000.0,780
2025-04-30 23:52:55.957,95-30032-TQukGhXvVuMAJmW2-20250430225056,624.43,780
2025-04-30 23:52:51.717,13-38661-OQ7ecvxvn7QlNlUW-20250430225249,2000.0,780
2025-04-30 23:51:29.520,76-38608-FvsMF5Np4fa03gl1-20250430225121,68.65,780
2025-04-30 23:49:40.800,8-35651-uw3NAqTe2gsV8VRh-20250430224935,500.0,780
2025-04-30 23:47:48.463,46-49740-KONPqunQxSgR0vj3-20250430224745,1000.0,780
2025-04-30 23:46:26.600,18-22120-10274-20250430224433,110.0,780
2025-04-30 23:45:16.583,30-35177-sus19zZo2MgNwTG6-20250430224514,1000.0,780
2025-04-30 23:44:37.343,95-38138-1kTZNhyXwnlmTEQs-20250430224429,500.0,780
2025-04-30 23:44:01.247,23-38661-JgO0nl3zRHmTv4Ni-20250430224357,500.0,780
2025-04-30 23:43:59.483,13-49740-9Tcpo09VLalA6rbM-20250430224352,500.0,780
2025-04-30 23:43:34.283,1-35651-6AFjg2sqlpsE1PHj-20250430224332,500.0,780
2025-04-30 23:43:31.577,93-35177-kEj1NIj5OtI2FuVA-20250430224327,300.0,780
2025-04-30 23:42:04.380,66-49740-wjOvLRhm5ux24J6n-20250430224202,1000.0,780
2025-04-30 23:41:47.027,39-35177-7tsPVwSMMA410wyA-20250430224145,200.0,780
2025-04-30 23:41:44.323,45-38661-3edupo4nvfnPlkss-20250430224138,5000.0,780
2025-04-30 23:41:00.397,61-49740-MtlSgwMtRE713aTe-20250430224051,1000.0,780
2025-04-30 23:40:15.980,88-36560-Jjw4ljRjetfdxvhY-20250430224013,5000.0,780
2025-04-30 23:39:43.127,9-38662-gHB70D8FzGuXbD6b-20250430223937,8000.0,780
2025-04-30 23:39:33.480,83-49740-AuMoKepEw89bZ3xu-20250430223931,1000.0,780
2025-04-30 23:39:13.517,14-38661-YASRszjRpBjQn75a-20250430223908,1000.0,780
2025-04-30 23:38:18.087,23-36977-D7rwO7ozOWbpj5AK-20250430223816,750.0,780
2025-04-30 23:37:45.117,48-36977-BCgAQz9ukDUqiXfT-20250430223743,500.0,780
2025-04-30 23:33:56.363,86-38661-f5HUTjVtBXR2ezF1-20250430223352,2000.0,780
2025-04-30 23:32:51.757,22-49740-enYqKF6LNamWCUxi-20250430223246,500.0,780
2025-04-30 23:30:28.303,69-38138-44wUB3VCw2rIUthh-20250430223026,1000.0,780
2025-04-30 23:30:17.873,35-35177-K9tcltlQSkatE3bN-20250430223016,2500.0,780
2025-04-30 23:25:11.287,57-38661-pM9HzMUUNWxhVJYL-20250430222507,500.0,780
2025-04-30 23:21:54.690,31-12664-1593-20250430222051,3674.45,780
2025-04-30 23:21:22.753,48-35177-rIIS6BHdVhdZrwj2-20250430222119,200.0,780
2025-04-30 23:21:17.390,1-36977-RX8y4xDwFd0msVVe-20250430222112,1000.0,780
2025-04-30 23:20:06.107,61-38661-M0u0lZJD7Ipsxhey-20250430221956,500.0,780
2025-04-30 23:18:28.500,15-36560-dmdmsItTasG7HBOo-20250430221823,5000.0,780
2025-04-30 23:16:41.263,4-38138-X8mtd1505gxl3zTs-20250430221634,1000.0,780
2025-04-30 23:13:25.377,4-38662-GAeP4tK0XAQ7eVDG-20250430221323,3000.0,780
2025-04-30 23:10:39.130,48-36977-P4opL0IWw0BlbrBu-20250430221036,4400.0,780
2025-04-30 23:10:23.920,7-36560-30oH4yy9tVIsNhcM-20250430221018,5000.0,780
2025-04-30 23:09:12.957,35-35651-hdbS6JNMicsTLAE3-20250430220906,5000.0,780
2025-04-30 23:08:29.103,79-49740-ibLgmjXdBIYvxnoM-20250430220825,1000.0,780
2025-04-30 23:06:15.697,14-35177-liMIImBXwwLl3qQ5-20250430220607,200.0,780
2025-04-30 23:05:48.123,95-38661-kcx5tYuSPuVNZMVf-20250430220546,500.0,780
2025-04-30 23:03:41.597,86-38146-FiREzwO3uWCIo1H7-20250430220338,200.0,780
2025-04-30 23:03:18.477,3-38661-6YpiwUMnXTIa4X87-20250430220312,2000.0,780
2025-04-30 23:02:37.957,19-35791-INV_2025_02150-2-20250430220045,198.0,780
2025-04-30 23:01:52.390,79-30032-uTkJEd89hIsXfaSa-20250430220059,939.61,780
2025-04-30 23:00:54.410,76-49740-5fXbxnGUx5RUmxAy-20250430220049,10000.0,780
2025-04-30 23:00:15.847,43-54362-5-20250430215826,312.2,780
2025-04-30 22:54:53.260,66-35177-o0yRk1iCpCywkA14-20250430215450,600.0,780
2025-04-30 22:54:50.080,74-36560-PeMzNFGU6IBrqTh8-20250430215448,1000.0,780
2025-04-30 22:53:46.673,25-13471-A7aUL2ic-20250430215311,3500.0,780
2025-04-30 22:53:37.060,96-41673-32jiqtjzPrYBWqN0-20250430215334,1500.0,780
2025-04-30 22:52:51.007,93-38661-s7N5zZtFGA9NkhNM-20250430215248,2000.0,780
2025-04-30 22:51:38.627,10-35651-rXJFaT0fx8NHAve8-20250430215136,200.0,780
2025-04-30 22:51:06.773,30-36977-m7Kj92tAcE2k8IjD-20250430215104,2000.0,780
2025-04-30 22:49:36.577,71-38659-tr4uPPv0qlG001yI-20250430214932,1000.0,780
2025-04-30 22:49:23.947,69-49740-FwEf5YQLtFTODW5y-20250430214922,1000.0,780
2025-04-30 22:47:58.927,85-38663-tedEL5Waij9M821t-20250430214751,1200.0,780
2025-04-30 22:45:45.943,87-36560-oXp14IncdTOzx9SR-20250430214541,4000.0,780
2025-04-30 22:45:17.997,17-49740-1TSvebdt7LW4vNg1-20250430214515,9000.0,780
2025-04-30 22:44:29.363,34-30032-dBZx4Qq8mBeiqJzv-20250430214208,834.55,780
2025-04-30 22:43:55.800,66-38661-drlwtCT3aJuljA9P-20250430214353,600.0,780
2025-04-30 22:40:27.957,68-38663-e2CVYLpzd1BCIKMD-20250430214023,2000.0,780
2025-04-30 22:34:42.670,38-41673-7Rbi7qzGKjtYRBJY-20250430213440,500.0,780
2025-04-30 22:34:03.093,55-35177-Dc36JsRsmUPJQHLR-20250430213357,2500.0,780
2025-04-30 22:28:31.470,41-49740-Xcs1zkUjiOrmR6zv-20250430212828,500.0,780
2025-04-30 22:26:44.280,99-36977-K7jY03R2wPGBdD7t-20250430212642,1000.0,780
2025-04-30 22:24:48.713,83-7264-0089-20250430212228,312.2,780
2025-04-30 22:23:19.920,54-36977-zgBInYVUDIBJHPmf-20250430212317,1000.0,780
2025-04-30 22:22:15.297,70-49740-KeYIUcJrlmRP9Oaz-20250430212212,1000.0,780
2025-04-30 22:20:38.513,27-38146-dZQQ47UHPlaAHcHD-20250430212032,500.0,780
2025-04-30 22:19:00.827,69-35177-C7ashMJNSBpNfC2F-20250430211851,400.0,780
2025-04-30 22:16:56.077,21-36560-anGbuW6rJG3SGrXq-20250430211653,1000.0,780
2025-04-30 22:14:26.363,62-38662-AX68GIPq1h9WY9De-20250430211418,1900.0,780
2025-04-30 22:13:54.130,76-36560-HLSZD9GNfBj320eE-20250430211348,1500.0,780
2025-04-30 22:12:08.267,40-35651-V1O1ADZ4Wv1tWKsh-20250430211158,500.0,780
2025-04-30 22:10:26.807,74-36977-HrmPwzHweiHO3edf-20250430211017,2000.0,780
2025-04-30 22:10:10.097,86-38662-xnjwZoXGhPnZWfRw-20250430211007,300.0,780
2025-04-30 22:07:07.310,28-34642-LSOrF10q5ItVJMmd-20250430210704,99.0,780
2025-04-30 22:02:25.330,10-38659-Z0hL9ByY6wHKVvQ5-20250430210223,500.0,780
2025-04-30 22:02:20.307,36-35791-INV_2025_02057-20250430210052,199.0,780
2025-04-30 22:00:19.603,49-38663-XrLn24BfMmQEaVgY-20250430210014,3000.0,780
2025-04-30 21:57:55.743,77-36977-mm0NOkRps9HbU3OU-20250430205751,500.0,780
2025-04-30 21:56:26.480,24-38663-fPEtnoFkmF4jsruo-20250430205623,1200.0,780
2025-04-30 21:53:19.110,31-36977-pM68sBKPYCw1UGxG-20250430205315,3600.0,780
2025-04-30 21:52:31.650,35-38661-aNoXflunO41Hs3yH-20250430205229,400.0,780
2025-04-30 21:52:00.010,35-36977-64qRboq5WaWfaflZ-20250430205157,1000.0,780
2025-04-30 21:49:28.830,76-38661-MXj3aBol0zJVpxSu-20250430204924,2000.0,780
2025-04-30 21:49:28.547,10-22120-10273-20250430204705,100.0,780
2025-04-30 21:49:24.310,97-30032-67jThItZpYyuEU6t-20250430204542,1030.25,780
2025-04-30 21:45:54.677,93-38138-Ia7scbNRPL3LCivh-20250430204548,500.0,780
2025-04-30 21:45:25.210,56-36560-hGUcou2iAksEm07I-20250430204523,5000.0,780
2025-04-30 21:45:16.487,31-38138-ZV7KeR4XGm6ALIP7-20250430204512,500.0,780
2025-04-30 21:43:46.487,57-11279-2656-20250430203836,415.7,780
2025-04-30 21:43:19.880,91-49740-THEUl3OCCwSITJVx-20250430204315,500.0,780
2025-04-30 21:42:59.777,76-35177-MnMstbYIhq031a2M-20250430204258,2500.0,780
2025-04-30 21:42:30.530,9-36560-dFo1d8p06CpjIUEC-20250430204226,3600.0,780
2025-04-30 21:40:08.760,43-35177-kBYhfbcdRjrq9kVK-20250430204005,5000.0,780
2025-04-30 21:37:57.383,16-38148-weTfdeFeygI2AlYH-20250430203754,500.0,780
2025-04-30 21:36:43.600,45-37032-2g0SsjyCH16YISCF-20250430203640,1000.0,780
2025-04-30 21:31:44.807,69-36560-Z9r3PDSmuissc4BV-20250430203140,5000.0,780
2025-04-30 21:29:52.613,10-49740-qs2o4zRCaF23CdYe-20250430202950,1000.0,780
2025-04-30 21:29:44.127,95-15089-1873-20250430202709,933.2,780
2025-04-30 21:29:43.553,78-36560-KK3630JXebooTL89-20250430202938,1500.0,780
2025-04-30 21:29:43.147,3-38663-CN6p3uC0SsJdURBO-20250430202936,2500.0,780
2025-04-30 21:29:08.330,9-36977-m7KClGZFO0nEZXj7-20250430202903,1000.0,780
2025-04-30 21:25:27.403,5-36977-cJlClgLoj5sPvHd7-20250430202523,500.0,780
2025-04-30 21:24:15.907,66-36977-9VtNOL78gHDAQpa9-20250430202413,1000.0,780
2025-04-30 21:22:42.660,1-49740-O6S0gaz8THviXYQ9-20250430202237,1000.0,780
2025-04-30 21:20:07.670,43-38138-lDqjxLGCoqbkuETa-20250430202005,1000.0,780
2025-04-30 21:19:20.123,41-30032-7zCDl0TQESD45Ek5-20250430201752,1557.61,780
2025-04-30 21:17:55.243,11-38138-XcTNgpHkX2MnTZoE-20250430201753,400.0,780
2025-04-30 21:17:53.587,69-35791-INV_2025_02036-2-20250430201552,198.0,780
2025-04-30 21:17:35.393,50-49740-061c7M5igC0sWObP-20250430201729,2500.0,780
2025-04-30 21:17:00.593,63-38662-MiDuKyHaJrrkTPV4-20250430201656,1000.0,780
2025-04-30 21:13:56.710,29-35791-INV_2025_01775-20250430201201,198.0,780
2025-04-30 21:12:54.147,42-49740-ImrbXlshJ3ftvgjq-20250430201249,3000.0,780
2025-04-30 21:12:17.693,32-11279-2655-20250430200803,415.7,780
2025-04-30 21:11:48.883,93-38146-T7RM9pRDMaM84oWi-20250430201143,200.0,780
2025-04-30 21:09:52.347,18-38146-l9B9NpzKYgpuljfg-20250430200949,400.0,780
2025-04-30 21:09:47.657,16-30040-oW7bNmFzDGiqrVRc-20250430200945,940.0,780
2025-04-30 21:07:50.023,61-36560-rYY0eM5w4Xjwsa7e-20250430200744,1000.0,780
2025-04-30 20:59:55.987,77-38146-JQyDh8uwADhW1DF0-20250430195953,200.0,780
2025-04-30 20:58:23.163,96-38659-gODyAIkBnWGgzbZ3-20250430195821,3000.0,780
2025-04-30 20:57:32.183,51-38661-UAsGDMQhXdkrwltC-20250430195730,2000.0,780
2025-04-30 20:57:22.593,85-38146-wLtSYFNjNcJvPpiy-20250430195720,100.0,780
2025-04-30 20:56:07.020,80-38138-iVnueIwTeHGcy3Qh-20250430195605,500.0,780
2025-04-30 20:52:51.087,79-48314-26416-20250430195044,116.6,780
2025-04-30 20:51:36.503,59-38138-oksAF1gyPLiYQ1tz-20250430195125,1000.0,780
2025-04-30 20:50:20.487,44-37032-3PKsEX4nDmo1rgZb-20250430195014,1000.0,780
2025-04-30 20:44:01.967,73-36977-5Oij1ZtLyXIfyWDh-20250430194356,1000.0,780
2025-04-30 20:42:12.907,62-35177-Kn5fpvUtaIgNhEZX-20250430194208,500.0,780
2025-04-30 20:41:53.657,71-38663-m5TCxXfExxbSX7EH-20250430194151,1500.0,780
2025-04-30 20:41:12.110,88-37032-hzREati21oEqmnHY-20250430194106,700.0,780
2025-04-30 20:41:03.170,54-27580-30282-20250430193612,145.0,780
2025-04-30 20:36:16.550,8-20475-19254-20250430193515,360.0,780
2025-04-30 20:31:25.037,64-37032-ZrgRigLUJykd8x1c-20250430193119,1500.0,780
2025-04-30 20:30:12.907,88-38608-4rmrULgQjHfxuyHs-20250430193003,207.7,780
2025-04-30 20:28:03.047,81-38659-sFmQ53jZS4xxTzyh-20250430192801,500.0,780
2025-04-30 20:27:40.660,46-30040-oC71BDR7oXhmjJcU-20250430192737,1000.0,780
2025-04-30 20:26:11.493,52-35651-OSlz0j033JdvzQ9t-20250430192603,300.0,780
2025-04-30 20:23:47.897,84-30032-fGNZj8mVGAGTD6wp-20250430192229,432.85,780
2025-04-30 20:21:04.083,43-38659-z8QqEkc7D1d0pdhN-20250430192102,700.0,780
2025-04-30 20:19:07.447,80-35651-FAMNE0WK4q4CzKql-20250430191904,200.0,780
2025-04-30 20:18:55.570,6-36977-4dI4U7R0cwKP6fkU-20250430191853,1500.0,780
2025-04-30 20:17:20.237,3-32435-RTPUB-20250430191634,26.54,780
2025-04-30 20:16:22.337,73-30032-YZsZsE0puiz7ZyqL-20250430191538,1038.49,780
2025-04-30 20:15:56.823,98-40080-0029-20250430191407,1554.2,780
2025-04-30 20:15:24.137,88-35651-Wy0KIpKJcel7GKqX-20250430191522,400.0,780
2025-04-30 20:12:25.430,87-38661-mDAtIcRslb7UuD9m-20250430191221,2000.0,780
2025-04-30 20:11:54.797,16-49740-smvHow9AlkFtyHd8-20250430191150,1000.0,780
2025-04-30 20:08:33.247,62-36560-yvWBuZccBjnBU2r1-20250430190831,1000.0,780
2025-04-30 20:04:53.097,91-35651-yUYu32ZtFBYgNcuZ-20250430190446,300.0,780
2025-04-30 20:04:34.817,69-36977-n1RynSYWDxo1Jkgn-20250430190433,1000.0,780
2025-04-30 20:04:10.633,63-38661-mKJAt3UxPGmFPd4g-20250430190405,3000.0,780
2025-04-30 20:02:24.443,79-38662-r0mTJqDZVjRtkXCZ-20250430190220,500.0,780
2025-04-30 20:02:10.547,90-38148-GVmcabEAXkn0D5y1-20250430190208,600.0,780
2025-04-30 20:00:22.260,86-38659-MHkQjysSuGRW3NaL-20250430190017,1500.0,780
2025-04-30 19:58:39.370,51-51802-EAHNW-20250430185755,22.4,780
2025-04-30 19:56:44.410,14-35651-73XOxknxGNTT4nJ2-20250430185635,500.0,780
2025-04-30 19:54:02.570,56-13336-1226-20250430185131,415.7,780
2025-04-30 19:53:22.270,9-38138-XJLuc2ScX6eznAKn-20250430185317,500.0,780
2025-04-30 19:51:29.717,33-36560-T0y5tYYIUAmmZAYU-20250430185124,1500.0,780
2025-04-30 19:49:29.787,63-11232-56019-20250430184708,274.0,780
2025-04-30 19:48:55.533,30-38661-ed2mVsI2S8c9V0U1-20250430184853,2000.0,780
2025-04-30 19:46:27.477,82-38659-mKcU1i91ffYkwSvg-20250430184625,3000.0,780
2025-04-30 19:44:22.247,94-15089-1872-20250430184231,622.7,780
2025-04-30 19:42:21.970,95-36560-Q0jg6KW6JY8vO7ud-20250430184215,1000.0,780
2025-04-30 19:40:26.587,16-38662-boup5VwtnAkbd1xx-20250430184024,500.0,780
2025-04-30 19:40:06.953,25-35177-wzcvmkSQ6JiX3hHB-20250430184001,500.0,780
2025-04-30 19:39:54.867,28-35791-INV_2025_01991-20250430183736,199.0,780
2025-04-30 19:38:59.560,53-36977-4G5gYaGMKqRKGr8a-20250430183854,2000.0,780
2025-04-30 19:38:16.620,58-49740-shhf8fUwMotL4inb-20250430183810,1000.0,780
2025-04-30 19:37:50.363,26-38138-uImExVpvJo6GGASS-20250430183741,1000.0,780
2025-04-30 19:37:43.930,24-36560-vdCCjOpgs3yM7bJu-20250430183738,1000.0,780
2025-04-30 19:33:45.250,23-37194-7-20250430183105,1036.7,780
2025-04-30 19:32:57.617,9-35177-mu3ECKjYPRQZ8jrU-20250430183254,500.0,780
2025-04-30 19:29:37.477,41-35651-Ts01Yhvmt4kheq7H-20250430182932,200.0,780
2025-04-30 19:28:41.470,8-8540-13454-20250430182359,512.18,780
2025-04-30 19:27:35.933,21-35177-qcdlQZ1Bu1C8Czy3-20250430182733,500.0,780
2025-04-30 19:25:09.793,32-38661-H7sWyBcc4FyKXDQA-20250430182506,5000.0,780
2025-04-30 19:23:56.527,43-38146-wEYXYq9lDUg9B5rw-20250430182348,300.0,780
2025-04-30 19:22:01.893,54-35177-LmsAdZfc9GTR7iQp-20250430182159,1000.0,780
2025-04-30 19:20:01.530,92-38662-ZItv68aLRmsX3Vou-20250430181954,1000.0,780
2025-04-30 19:16:13.810,67-7434-9559-20250430181457,260.45,780
2025-04-30 19:15:04.450,26-35177-FUp6CZZZ7Yd1cU9t-20250430181502,500.0,780
2025-04-30 19:14:31.140,56-38659-HjSFJwG11Bt4zWS5-20250430181428,1000.0,780
2025-04-30 19:14:18.210,24-35651-udYhUZvBdSznTQSA-20250430181415,200.0,780
2025-04-30 19:14:13.367,29-38662-cLqPcqifogwyeck5-20250430181411,3000.0,780
2025-04-30 19:09:28.933,93-9662-1705-20250430180851,338.08,780
2025-04-30 19:07:06.387,40-49740-3XUYNMCfn5X4qjLu-20250430180700,1000.0,780
2025-04-30 19:05:31.887,89-49740-Rr8Z80QEiq28OuUi-20250430180529,500.0,780
2025-04-30 19:05:26.683,20-42232-oid_1746050655309-20250430180415,400.0,780
2025-04-30 19:03:52.183,68-39604-OQmYu5KtNm-20250430180350,105.2,780
2025-04-30 19:00:20.280,62-38662-odeUfhBBwgju1iWT-20250430180016,6000.0,780
2025-04-30 18:59:30.920,14-36977-mCdcheKSg2YNvpfr-20250430175925,500.0,780
2025-04-30 18:57:54.933,43-35651-gjWazjAKDm2qeYsg-20250430175749,300.0,780
2025-04-30 18:57:20.927,54-35177-5qNl2gTKC10pxRyt-20250430175716,4000.0,780
2025-04-30 18:57:20.707,58-38138-eAiHb8tnz9bdzMb5-20250430175716,600.0,780
2025-04-30 18:55:44.413,99-38661-2lFJZNKvZZXzuwam-20250430175540,5000.0,780
2025-04-30 18:54:22.657,75-38659-kQSNWlDR5CIpRXnm-20250430175420,5000.0,780
2025-04-30 18:54:01.773,35-36977-y4msSe9GOds8N3zc-20250430175358,500.0,780
2025-04-30 18:53:29.773,96-10335-YIHg2lgFKjjanlsG-20250430175326,33.63,780
2025-04-30 18:52:33.607,18-36977-flGDB9sUuSiYwbI2-20250430175226,1000.0,780
2025-04-30 18:52:15.033,71-38662-iqotRr6uCyx32UQN-20250430175212,2000.0,780
2025-04-30 18:49:31.473,86-38148-1crANo3kjrkLLBL9-20250430174925,600.0,780
2025-04-30 18:46:25.527,56-36977-rjW982dn2iQYcoml-20250430174623,20000.0,780
2025-04-30 18:45:26.337,77-36977-9NIf0Mwu3TxvNb5r-20250430174523,15000.0,780
2025-04-30 18:44:47.460,70-36977-LrwivrPtRC3qoBqJ-20250430174444,20000.0,780
2025-04-30 18:43:52.230,27-49740-3W7R6VBRpAvxdVwt-20250430174342,1000.0,780
2025-04-30 18:42:45.950,92-38146-Q1jxNj5tE5ZiK97E-20250430174239,300.0,780
2025-04-30 18:40:59.227,5-48190-oaI8zBfHdqJC4-20250430174052,140.0,780
2025-04-30 18:39:35.357,78-38138-Gh9SImBdDvXXsYVx-20250430173933,825.0,780
2025-04-30 18:39:27.323,67-38659-o3xPdGy8K8FaW9YV-20250430173925,1000.0,780
2025-04-30 18:39:00.187,18-49740-E2PVSuixS8bqp6IX-20250430173857,1000.0,780
2025-04-30 18:38:10.177,10-30032-CeWXClm8fChgrXrY-20250430173642,900.47,780
2025-04-30 18:35:31.760,54-38138-RpBCpbl3iwV4TvPw-20250430173529,200.0,780
2025-04-30 18:35:13.157,40-36977-dgpYwXeUqKZY7e2W-20250430173511,500.0,780
2025-04-30 18:33:13.167,98-49740-OxOVfPggPTGVNgHa-20250430173311,1500.0,780
2025-04-30 18:29:48.310,85-36560-sLJsjZA2hjY4qjJG-20250430172945,1000.0,780
2025-04-30 18:28:26.690,36-36560-HLYIYye81BKYTnr8-20250430172822,1000.0,780
2025-04-30 18:27:57.913,86-36977-K8n64ytQy2a1KfQI-20250430172756,500.0,780
2025-04-30 18:25:54.733,54-36560-iY8bh4AiT7QQqEr4-20250430172550,1500.0,780
2025-04-30 18:23:39.610,74-35791-INV_2025_01886-20250430171914,198.0,780
2025-04-30 18:20:04.510,64-16853-0Mcn2Be7na4ug-20250430172002,68.98,780
2025-04-30 18:19:28.603,99-35791-INV_2025_01995-20250430171704,199.0,780
2025-04-30 18:18:02.987,59-38148-WflWEYuVbN21YI6j-20250430171757,1000.0,780
2025-04-30 18:15:56.430,31-38661-dA92OZSmcRwjnvf8-20250430171554,1100.0,780
2025-04-30 18:15:48.550,59-38146-ctS9wvslvZpiU8iF-20250430171545,5000.0,780
2025-04-30 18:13:46.057,48-14207-FEQbpoHQV1WL4sxG-20250430171342,54.23,780
2025-04-30 18:11:40.057,22-35177-dVJv3LAhl50Esuh2-20250430171131,300.0,780
2025-04-30 18:09:55.870,53-49740-j705V4oI8xN1X7dD-20250430170948,1000.0,780
2025-04-30 18:08:45.680,86-38661-mlo5OqMc2WuFFM9K-20250430170843,200.0,780
2025-04-30 18:04:07.913,2-36977-xk4Uai2bCj9tEfsM-20250430170406,500.0,780
2025-04-30 18:02:50.720,52-30032-iS4ZoBrDrSu1ma6K-20250430170059,400.92,780
2025-04-30 18:02:16.843,17-19007-614-20250430170123,315.0,780
2025-04-30 18:01:31.243,80-36977-tfv37sJ7cfXKqCbg-20250430170129,1000.0,780
2025-04-30 18:00:36.437,44-35651-XvxBODtBHVvSsAnn-20250430170034,400.0,780
2025-04-30 18:00:17.997,1-30032-6qwHppOCyjTJSajz-20250430165756,836.61,780
2025-04-30 17:59:39.583,90-16088-0899-20250430165710,519.2,780
2025-04-30 17:59:09.037,40-38659-VQDj97wjzE0Yk3kQ-20250430165904,500.0,780
2025-04-30 17:58:40.053,93-38662-Zmb2G9YudPtjgbpb-20250430165838,3500.0,780
2025-04-30 17:53:20.750,52-29932-115-20250430164924,312.2,780
2025-04-30 17:51:04.500,16-38138-WvybzCGeoMBlTbeC-20250430165056,400.0,780
2025-04-30 17:49:02.967,47-35791-INV_2025_02089-20250430164630,198.0,780
2025-04-30 17:48:58.253,13-38659-6jtOU3OHJMOCY9Ev-20250430164856,500.0,780
2025-04-30 17:47:43.737,17-25982-1197579698418-20250430164504,593.75,780
2025-04-30 17:45:55.387,56-16853-qhiIBaUGOxbNt-20250430164552,32.75,780
2025-04-30 17:43:30.180,41-38123-vdVY5ipnWJ921-20250430164324,50.35,780
2025-04-30 17:43:12.887,54-6585-4095-20250430164203,600.0,780
2025-04-30 17:40:19.530,90-36560-jP1BntP4hobnxJRp-20250430164010,1000.0,780
2025-04-30 17:37:47.493,20-36560-VsU5mb5pJv0aX95b-20250430163743,2500.0,780
2025-04-30 17:36:53.233,34-35177-kouWqr8DHmfp7QlZ-20250430163649,500.0,780
2025-04-30 17:35:54.550,2-51802-Z3BOJ-20250430163352,68.98,780
2025-04-30 17:35:41.920,88-38146-0e1JCL9DZ3YsbgQp-20250430163537,200.0,780
2025-04-30 17:35:25.320,74-50998-0007-20250430163215,105.2,780
2025-04-30 17:34:12.243,31-48190-5u0dafzCQrdAn-20250430163410,40.0,780
2025-04-30 17:31:57.630,56-38138-2HHRAJk2dqgKDBjF-20250430163154,200.0,780
2025-04-30 17:31:39.647,8-38659-6ASSaluXORJM5say-20250430163134,2000.0,780
2025-04-30 17:31:16.197,68-18926-1422-20250430162937,105.2,780
2025-04-30 17:27:56.963,74-36977-jyG1RdycEZVpSm9i-20250430162754,3000.0,780
2025-04-30 17:25:52.800,80-38138-BmqZ1c4Oh8fhlg8c-20250430162550,400.0,780
2025-04-30 17:25:27.787,41-38661-EVGbotJoJOxjwllG-20250430162525,800.0,780
2025-04-30 17:23:04.867,10-35651-kmNhSBA3IR0Bgm1w-20250430162301,2000.0,780
2025-04-30 17:22:52.730,1-9864-PID-33656051-20250430162008,5567.09,780
2025-04-30 17:07:02.557,34-38146-XozU2i7yDOnuidY2-20250430160657,300.0,780
2025-04-30 17:05:50.123,61-30032-RfnXM6ouONu14Iod-20250430160418,1860.43,780
2025-04-30 17:05:40.447,37-38146-eEGTaEYQFmmUpGCN-20250430160536,200.0,780
2025-04-30 17:05:09.073,12-36560-d74pvlidm73mkHVx-20250430160504,2000.0,780
2025-04-30 17:03:40.100,56-38661-z4Z5wKGZ25bJcV0r-20250430160331,200.0,780
2025-04-30 17:01:27.070,12-36560-SQxIJrrSJtsV7KEW-20250430160120,1000.0,780
2025-04-30 17:01:26.083,13-41519-7puuaHlSj2Hnp-20250430160119,33.79,780
2025-04-30 17:00:53.773,20-30032-p3BvWSeTz3e90Our-20250430155801,212.43,780
2025-04-30 17:00:52.797,16-36977-ddsuUY7pEJjw1KY0-20250430160045,2000.0,780
2025-04-30 17:00:49.177,27-30032-YQZBX1dcWRXnWq2p-20250430155736,2478.43,780
2025-04-30 16:59:11.630,98-46881-1361-20250430155713,573.75,780
2025-04-30 16:53:08.657,38-12008-cssl536169935804-20250430155147,836.44,780
2025-04-30 16:49:52.780,12-35177-HcMfHSeTxnh2RbOM-20250430154950,200.0,780
2025-04-30 16:47:15.187,52-30017-556-20250430154538,3934.7,780
2025-04-30 16:47:13.217,87-36560-yGB8nuxVcVxTghY0-20250430154705,1000.0,780
2025-04-30 16:46:08.920,51-15089-1869-20250430154441,1243.7,780
2025-04-30 16:46:06.097,88-38146-1jnFVdrIoiKx3uIl-20250430154601,300.0,780
2025-04-30 16:45:25.790,11-38661-ykTAk0BT2BQbIKrj-20250430154523,4000.0,780
2025-04-30 16:42:48.953,58-38146-YBGv7MezQQplAor5-20250430154244,3000.0,780
2025-04-30 16:40:40.023,70-38138-6TlpTaWTW2oZRZOW-20250430154037,100.0,780
2025-04-30 16:39:51.187,25-38138-0SLEDHMZFAuhj59s-20250430153944,100.0,780
2025-04-30 16:39:32.397,85-37032-RODXaaQ2e0ky7gVm-20250430153930,200.0,780
2025-04-30 16:39:25.597,69-7882-558-20250430153603,109.34,780
2025-04-30 16:38:52.123,14-35177-DqEAQ7urwHj9ch96-20250430153846,200.0,780
2025-04-30 16:36:00.367,55-36560-toPBHSUDK8AoEhGC-20250430153556,1000.0,780
2025-04-30 16:34:33.127,54-35177-dJjAaNIvgnsAZ9r8-20250430153430,300.0,780
2025-04-30 16:34:25.420,73-38146-f3Xbx0YDEt1KEcoW-20250430153420,300.0,780
2025-04-30 16:33:57.470,32-38662-n4Nx6FhDzFfh1til-20250430153355,1000.0,780
2025-04-30 16:31:54.477,54-36560-Y9KG8veJC83uScy6-20250430153149,1000.0,780
2025-04-30 16:27:34.787,60-36560-jvg0Y0Yp3nLoNIdX-20250430152728,1000.0,780
2025-04-30 16:27:04.300,49-38661-Pr0U78n5SSyvaPbw-20250430152701,200.0,780
2025-04-30 16:26:50.903,93-11078-7336-20250430152449,2136.0,780
2025-04-30 16:25:24.127,38-18926-1711-20250430152329,1900.0,780
2025-04-30 16:20:22.547,21-38661-V41Ts2Fke0RSVxYQ-20250430152020,1400.0,780
2025-04-30 16:17:21.877,63-36977-NwO3RDxhcpLUttV9-20250430151719,1000.0,780
2025-04-30 16:16:51.020,24-46881-1360-20250430151528,573.75,780
2025-04-30 16:15:11.487,21-16449-7Q9id3euSB-20250430151509,105.2,780
2025-04-30 16:15:07.577,54-30032-4OQTHHzH8MeFVCYj-20250430151239,521.43,780
2025-04-30 16:14:29.263,28-38662-LRTEPwAs0H4IAks0-20250430151427,400.0,780
2025-04-30 16:14:13.720,54-28660-602-20250430151228,505.0,780
2025-04-30 16:11:00.957,32-48926-LdbuVh0OSOw4j-20250430151058,220.0,780
2025-04-30 16:04:49.643,90-36560-1payI0Sa50qeB3Sd-20250430150447,1200.0,780
2025-04-30 16:04:12.253,55-49740-JIfL2io0CIGLSLcA-20250430150410,1000.0,780
2025-04-30 16:02:20.680,61-36977-EJ2NvKgoFFbvkXta-20250430150217,2000.0,780
2025-04-30 16:02:18.143,84-22120-10270-20250430150039,110.0,780
2025-04-30 16:01:44.893,54-36560-f56YYW9Gn2PR9mSo-20250430150138,2000.0,780
2025-04-30 15:57:52.583,39-36560-rOIPioChPe9QdJoD-20250430145749,15000.0,780
2025-04-30 15:54:00.097,37-38661-uHVgKL8iGPInL6Pi-20250430145356,3000.0,780
2025-04-30 15:51:06.520,67-8390-1582-20250430144947,5000.0,780
2025-04-30 15:49:49.077,48-35177-XktefAoQgr9TAeTc-20250430144945,500.0,780
2025-04-30 15:49:19.830,71-53215-SlUwdIYIF2QR7-20250430144908,89.0,780
2025-04-30 15:47:45.003,22-35177-EgbW6NIxdyo7RyZP-20250430144739,500.0,780
2025-04-30 15:44:25.547,61-38138-bpQpB17gBoabzAkH-20250430144420,500.0,780
2025-04-30 15:43:07.073,18-38146-4oW49DIS4tqIu4tn-20250430144304,5000.0,780
2025-04-30 15:41:33.113,59-31446-12807-20250430144036,208.7,780
2025-04-30 15:41:31.887,63-38138-N0sLMP4wLGRbwQj3-20250430144129,600.0,780
2025-04-30 15:40:48.417,79-30032-Nrkyd5neuJ0W8KPT-20250430143947,2575.25,780
2025-04-30 15:40:01.350,24-38138-mvhOmL6UF6zcbHTp-20250430143959,800.0,780
2025-04-30 15:39:04.480,3-10501-2025-181-20250430143737,900.0,780
2025-04-30 15:38:56.290,39-38138-4TrsLFhkzRpuC4E6-20250430143854,100.0,780
2025-04-30 15:37:28.873,34-38662-wBbfUTvukKJJ1ktT-20250430143722,300.0,780
2025-04-30 15:35:51.373,92-48314-26403-20250430143356,212.0,780
2025-04-30 15:35:03.677,35-9864-PID-33655961-20250430143310,4175.34,780
2025-04-30 15:32:58.847,25-36560-JzMcMZSjyCc8LsH9-20250430143250,2500.0,780
2025-04-30 15:32:52.913,55-38146-Ehx8CWDTE7syf95J-20250430143248,200.0,780
2025-04-30 15:25:42.283,67-36560-Svwgsxe4SxlJInuT-20250430142538,2000.0,780
2025-04-30 15:23:26.610,45-42633-0342-20250430142010,6211.7,780
2025-04-30 15:23:04.910,98-36560-cZBdPu6uEirGwb8i-20250430142302,1000.0,780
2025-04-30 15:22:20.963,57-36560-CJWSNuejnz4wmEws-20250430142215,1500.0,780
2025-04-30 15:21:51.867,70-35791-INV_2025_02101-20250430142024,198.0,780
2025-04-30 15:20:54.403,21-35177-J84C1a3dvTIApsZE-20250430142051,300.0,780
2025-04-30 15:12:20.080,77-38138-O9QOytXMJehi9IbB-20250430141216,300.0,780
2025-04-30 15:09:55.347,43-11279-2653-20250430140608,415.7,780
2025-04-30 15:09:07.557,6-38138-vuu8TDzNw8BIyj6P-20250430140905,300.0,780
2025-04-30 15:06:55.053,56-38432-388-20250430140302,6525.0,780
2025-04-30 15:04:30.787,50-38661-h9kE5sXDxGBCtAMg-20250430140428,200.0,780
2025-04-30 15:02:38.060,39-6196-1783-20250430140204,2212.6,780
2025-04-30 15:01:51.510,28-36560-6dAKo8kIaEc2MhJC-20250430140149,1000.0,780
2025-04-30 15:01:44.897,14-11396-38307-20250430140047,750.0,780
2025-04-30 15:01:35.877,37-35177-RVfwc5cNacgCzTuv-20250430140132,300.0,780
2025-04-30 15:01:12.280,49-10102-D9pL4ubarTdOCTgl-20250430140110,290.1,780
2025-04-30 15:00:55.983,25-38662-bGYNINCRC1QOS5bb-20250430140051,1200.0,780
2025-04-30 14:58:18.690,6-30032-QDNYt04aUQhYz17B-20250430135613,1551.43,780
2025-04-30 14:53:40.363,93-35177-LLbGtuyCzuVNOLOW-20250430135331,1000.0,780
2025-04-30 14:52:04.390,27-36560-kvuMjgZhk8g256l5-20250430135200,4000.0,780
2025-04-30 14:50:01.470,74-48314-26399-20250430134816,212.0,780
2025-04-30 14:47:43.577,68-38138-VgLIMGYFL8ytlwjN-20250430134741,400.0,780
2025-04-30 14:46:56.930,69-49740-A4pAn7vKjuXUobcM-20250430134649,5000.0,780
2025-04-30 14:46:27.243,38-36560-rxzCsnehx3o2W8B7-20250430134623,2000.0,780
2025-04-30 14:44:50.177,11-48314-26397-20250430134055,212.0,780
2025-04-30 14:43:41.453,68-36560-vN7JkjPjeiAGjs8W-20250430134339,2000.0,780
2025-04-30 14:42:19.210,10-38138-w7fxKKGC0t3CQjfH-20250430134216,1000.0,780
2025-04-30 14:42:14.177,66-35177-MxBKH0Hkxl63p9c8-20250430134211,1500.0,780
2025-04-30 14:41:12.710,82-38661-cPEWKiGFrkyrwPnm-20250430134106,300.0,780
2025-04-30 14:40:45.483,2-35177-WQS8f1LiVXUvpGdf-20250430134040,300.0,780
2025-04-30 14:39:16.477,85-36977-YUm9lS7eFN3r1Eco-20250430133913,500.0,780
2025-04-30 14:37:26.930,65-38659-Ja9P3uvQ6XgrwpxP-20250430133722,1000.0,780
2025-04-30 14:36:51.103,56-38662-aUaul41hLr74cUkt-20250430133646,3000.0,780
2025-04-30 14:35:15.793,7-23997-1032-20250430133457,210.0,780
2025-04-30 14:34:14.437,23-42232-oid_1746034379143-20250430133259,400.0,780
2025-04-30 14:34:10.127,43-34350-11188138-20250430133132,245.62,780
2025-04-30 14:31:26.843,71-36977-NOZDpJwzbHMpY52T-20250430133124,500.0,780
2025-04-30 14:28:50.710,84-30040-CGCjkxUfcrX24RyJ-20250430132848,350.0,780
2025-04-30 14:27:36.267,45-36560-yjiApJ3YrXfhIPCn-20250430132728,1000.0,780
2025-04-30 14:27:04.853,60-30040-THATGuRQFpvMYvMv-20250430132658,1995.0,780
2025-04-30 14:26:41.687,7-30040-w02wSGhFTxL45oG1-20250430132639,1920.0,780
2025-04-30 14:24:48.080,72-48314-26393-20250430132311,212.0,780
2025-04-30 14:23:49.857,31-36560-I8r5Qd1rb0T1Un32-20250430132341,1000.0,780
2025-04-30 14:23:14.680,69-38662-WUIgsI2d6ucu6Ui6-20250430132309,1200.0,780
2025-04-30 14:21:41.590,2-7434-9558-20250430132042,570.95,780
2025-04-30 14:20:07.827,41-35177-NYGqt9UVnXalCovx-20250430132005,200.0,780
2025-04-30 14:19:35.453,50-47532-nHVzHe6jAQotT-20250430131933,22.4,780
2025-04-30 14:18:16.540,5-38146-6grscTi0rzISUyXs-20250430131814,200.0,780
2025-04-30 14:17:37.617,25-16088-0898-20250430131547,519.2,780
2025-04-30 14:15:30.690,71-35791-INV_2025_01822-20250430131354,198.0,780
2025-04-30 14:13:52.440,62-36560-rwpipKlpLLcLAsgo-20250430131347,3000.0,780
2025-04-30 14:13:51.490,61-35651-Ph60LVU6yTrzFES1-20250430131346,500.0,780
2025-04-30 14:11:43.823,31-38661-sCsa9eVPLpNxoJUN-20250430131140,1500.0,780
2025-04-30 14:07:12.017,26-49740-vZt8HVUW5rb4TgTT-20250430130704,500.0,780
2025-04-30 14:05:31.873,87-36560-HDmqcmDPWQoBJdSs-20250430130525,1000.0,780
2025-04-30 14:05:13.887,50-43797-CMouswLFvzm39-20250430130511,105.2,780
2025-04-30 14:04:21.287,56-32360-48838-20250430130238,457.1,780
2025-04-30 14:04:03.810,96-38661-pxy69Uhkf0610kdb-20250430130401,1000.0,780
2025-04-30 14:00:25.673,92-30032-nscVYLWhVVpt6Frh-20250430125825,624.43,780
2025-04-30 13:58:21.860,50-36560-16ABzATYaW8HLj8N-20250430125819,1000.0,780
2025-04-30 13:57:02.113,20-36977-RtxzyckGnWAkq6eW-20250430125700,1000.0,780
2025-04-30 13:55:58.393,26-14426-35457-20250430125441,389.83,780
2025-04-30 13:49:28.013,57-38661-B3wh3vnvdNuWIp5c-20250430124920,2800.0,780
2025-04-30 13:47:00.320,63-21637-24756-20250430124535,374.3,780
2025-04-30 13:42:16.313,60-11279-2652-20250430124110,2589.2,780
2025-04-30 13:40:26.450,54-38662-PYAh8ng2bYlE0jwN-20250430124021,1000.0,780
2025-04-30 13:31:45.573,31-35651-geEnVb2Z6eiYUj83-20250430123143,1000.0,780
2025-04-30 13:31:43.473,76-30032-hm90lOrbNPJmMCs1-20250430123007,4647.61,780
2025-04-30 13:31:43.103,21-35177-yDwSRg5gGdjuDEW2-20250430123141,200.0,780
2025-04-30 13:29:37.110,68-13049-O3DuuVcjqnR0iVnG-20250430122935,750.0,780
2025-04-30 13:27:56.193,69-36977-JzVBpQzZdqie8EFs-20250430122754,1000.0,780
2025-04-30 13:26:16.107,76-36977-TcAwRT2W195FreSG-20250430122614,500.0,780
2025-04-30 13:26:06.617,32-7882-557-20250430122334,156.95,780
2025-04-30 13:23:50.827,17-49740-SMn40JzZY5rP5rtQ-20250430122348,700.0,780
2025-04-30 13:21:26.310,23-22463-3DtLKPGle4Aul-20250430122124,115.55,780
2025-04-30 13:21:20.390,88-23054-33-20250430121903,410.53,780
2025-04-30 13:21:04.970,77-47532-kjWJxT5N09nlo-20250430122102,49.31,780
2025-04-30 13:17:54.703,63-36560-8Lu0Ju3vohpP8uQ1-20250430121751,1500.0,780
2025-04-30 13:13:55.720,5-34350-11187875-20250430120933,269.87,780
2025-04-30 13:12:27.763,13-36560-I0HbH0sQVbRKLz85-20250430121225,1000.0,780
2025-04-30 13:11:02.130,65-42633-0339-20250430120732,6211.7,780
2025-04-30 13:09:21.910,82-35177-I7Vlnp785n8xzUHX-20250430120918,500.0,780
2025-04-30 13:08:23.807,55-36977-uZdFJowNETMx6On8-20250430120821,1000.0,780
2025-04-30 13:07:16.703,46-167-8216-20250430120455,104.7,780
2025-04-30 13:06:38.137,98-11078-7334-20250430120521,20.0,780
2025-04-30 13:03:21.817,28-10573-3952-20250430120220,1140.2,780
2025-04-30 13:03:09.243,11-30040-6fAkuG6Zjb7w9W0T-20250430120303,450.0,780
2025-04-30 13:01:58.947,31-35177-cT3cKk7FoFmGA0uL-20250430120153,1000.0,780
2025-04-30 12:58:45.023,48-35791-INV_2025_02065-20250430115607,198.0,780
2025-04-30 12:54:57.083,82-12008-cssl090273168940-20250430115409,920.05,780
2025-04-30 12:52:18.373,34-10102-2E9opQnfFw6u0AH3-20250430115216,619.7,780
2025-04-30 12:50:24.477,73-9506-2zJq8qIDftygk-20250430115017,35.0,780
2025-04-30 12:48:36.810,8-30040-ntsUwUxjGpRux4Xc-20250430114834,100.0,780
2025-04-30 12:42:52.593,85-50710-ircS52qcnpGbh-20250430114249,250.0,780
2025-04-30 12:42:04.083,12-36560-SlkBjpelBb4SBIjc-20250430114157,1000.0,780
2025-04-30 12:41:47.480,83-8899-plbAsujOnvJQLLCw-20250430114142,60.0,780
2025-04-30 12:40:20.397,43-9864-PID-33655796-20250430113856,1391.76,780
2025-04-30 12:34:15.017,22-11942-99-20250430113133,1713.59,780
2025-04-30 12:31:40.613,34-31446-12799-20250430113100,208.7,780
2025-04-30 12:31:14.693,76-38146-Dl5zZYjB4UMF2mjY-20250430113112,500.0,780
2025-04-30 12:31:09.597,77-30032-mvzlGHhD8kVVn06O-20250430112936,830.43,780
2025-04-30 12:28:27.607,51-6196-Aq3R9hrU27ioRGSZ-20250430112825,5368.0,780
2025-04-30 12:27:24.517,94-38146-Hi9017vUK3HcEZ8e-20250430112722,500.0,780
2025-04-30 12:25:55.713,54-30032-BT9eOo96U1AILtqK-20250430112446,832.49,780
2025-04-30 12:23:33.900,35-49903-3124-20250430112202,405.0,780
2025-04-30 12:19:36.483,89-38138-Nv7FvEGnt718GGlH-20250430111931,300.0,780
2025-04-30 12:18:34.657,35-11776-5856-20250430111604,358.76,780
2025-04-30 12:18:22.853,82-49522-9-20250430111519,363.95,780
2025-04-30 12:17:40.167,51-38663-2zalNtFn0HQww5AI-20250430111736,1000.0,780
2025-04-30 12:15:07.367,79-30032-4TDdntf9149VUmYn-20250430111337,2060.25,780
2025-04-30 12:14:12.143,56-167-8214-20250430111232,104.7,780
2025-04-30 12:07:50.737,13-31488-S00592-20250430110648,714.0,780
2025-04-30 11:54:04.687,50-14426-35456-20250430105056,1450.7,780
2025-04-30 11:52:08.107,93-37937-1-20250430105105,234.58,780
2025-04-30 11:48:22.840,83-35651-Zzji0IFprIgToemf-20250430104816,500.0,780
2025-04-30 11:46:22.343,53-35791-INV_2025_01937-20250430104508,198.0,780
2025-04-30 11:43:30.440,71-48314-26391-20250430103955,212.0,780
2025-04-30 11:42:05.080,59-30040-f2xislBSOdKro7qf-20250430104201,2300.0,780
2025-04-30 11:36:26.220,17-42633-0338-20250430103152,6211.7,780
2025-04-30 11:36:19.247,7-35791-INV_2025_01981-1-20250430103521,198.0,780
2025-04-30 11:28:35.193,7-9358-2371-20250430102521,177.65,780
2025-04-30 11:26:43.907,25-30032-wjpG0FylA7YsbCho-20250430102502,2066.43,780
2025-04-30 11:24:51.727,24-14207-vOLnVkp9crzYzTST-20250430102446,125.3,780
2025-04-30 11:23:25.523,97-35791-INV_2025_01954-1-20250430102034,198.0,780
2025-04-30 11:21:29.710,11-11279-2650-20250430102014,2589.2,780
2025-04-30 11:20:30.530,89-14207-QNigd9FJmJpEfB0h-20250430102028,129.42,780
2025-04-30 11:20:29.933,58-27580-30272-20250430101811,252.0,780
2025-04-30 11:19:09.850,45-34350-11187448-20250430101805,167.91,780
2025-04-30 11:17:16.267,85-16853-XWfMe1B3egtC7-20250430101714,110.38,780
2025-04-30 11:15:11.637,7-49740-C9tmHangGeUZtDmC-20250430101509,3000.0,780
2025-04-30 11:03:58.810,69-27580-30269-20250430100226,195.0,780
2025-04-30 11:02:37.420,42-167-8211-20250430100019,56.5,780
2025-04-30 11:02:09.013,98-34350-11187392-20250430100024,472.91,780
2025-04-30 11:00:20.940,28-30032-SF9w2A3IhUZPRsxl-20250430095923,1036.43,780
2025-04-30 10:59:38.603,5-32955-27896-20250430095838,390.01,780
2025-04-30 10:56:06.520,19-11232-56015-20250430095458,204.0,780
2025-04-30 10:54:11.750,98-46881-1359-20250430095151,650.0,780
2025-04-30 10:52:34.153,95-34350-11187365-20250430095050,1039.3,780
2025-04-30 10:46:20.643,44-15916-1987-20250430094508,3091.7,780
2025-04-30 10:46:10.027,72-17226-CXIHK-20250430094347,3620.0,780
2025-04-30 10:38:09.630,98-37059-0079-20250430093528,150.0,780
2025-04-30 10:22:45.590,62-22120-10268-20250430092149,100.0,780
2025-04-30 10:01:30.193,61-10441-507-20250430085936,199.0,780
2025-04-30 09:58:37.867,20-30032-3Xx3p1JGS77V1jnH-20250430085729,1654.43,780
2025-04-30 09:46:36.587,14-46881-1358-20250430084542,573.75,780
2025-04-30 09:45:44.107,7-14767-16-20250430084352,550.0,780
2025-04-30 09:38:29.807,45-11572-141-20250430083714,4659.2,780
2025-04-30 09:36:14.280,66-10573-3951-20250430083318,1036.7,780
2025-04-30 09:35:18.913,66-46881-1357-20250430083421,675.0,780
2025-04-30 09:22:48.060,22-35791-INV_2024_00248-5-20250430082158,132.0,780
2025-04-30 09:22:15.920,61-34350-11187074-20250430082124,94.96,780
2025-04-30 09:21:19.167,64-35791-INV_2025_01827-1-20250430082017,198.0,780
2025-04-30 09:12:17.723,1-11279-2648-20250430081120,5176.7,780
2025-04-30 09:01:30.273,1-21351-22167-20250430075833,156.95,780
2025-04-30 08:56:11.650,51-37967-1101-20250430075227,4162.4,780
2025-04-30 08:56:11.540,35-16853-Z3skAvF5PwlPu-20250430075609,301.85,780
2025-04-30 08:51:40.050,57-35793-875-20250430074845,1450.7,780
2025-04-30 08:44:01.073,53-46881-1356-20250430074248,675.0,780
2025-04-30 08:27:00.053,50-42633-0327-20250430072604,3417.2,780
2025-04-30 08:19:52.657,8-35791-INV_2025_01525-20250430071804,199.0,780
2025-04-30 08:16:33.983,4-35791-INV_2025_01527-1-20250430071356,199.0,780
2025-04-30 08:13:41.030,16-12224-28135-20250430071233,405.68,780
2025-04-30 08:10:32.467,99-30032-PdIY7XrGDSEgaoHa-20250430070756,1654.43,780
2025-04-30 08:08:43.597,69-11776-77291-20250430070613,105.2,780
2025-04-30 08:05:44.390,63-31891-4160-20250430070125,1114.33,780
2025-04-30 08:02:31.253,30-30032-HwTj9hYh7ZS2d2Es-20250430070027,875.75,780
2025-04-30 07:59:09.267,82-43184-fQo86IrYVD-20250430065903,53.45,780
2025-04-30 07:20:39.563,38-20238-2523-20250430061909,519.2,780
2025-04-30 07:13:35.083,57-9635-394-20250430061151,731.38,780
2025-04-30 07:04:44.247,97-34350-11186878-20250430060109,217.82,780
